-0.6023651361465454,-0.030058883130550385,0.463591605424881,-0.24981212615966797,0.01855909824371338,0.07495354115962982,0.0768047645688057,-0.014885738492012024,-0.22089609503746033,-1.0970726013183594,-0.08446162939071655,0.5306980609893799,-0.35654416680336,0.0035472698509693146,0.0516962856054306,0.09374125301837921,0.013284923508763313,-0.2861742377281189,-1.3070833683013916,-0.12649476528167725,0.634771466255188,-0.43694695830345154,0.03098529577255249,-0.010283835232257843,0.13518419861793518,0.005191519856452942,-0.27157673239707947
-0.7853485345840454,-0.12697669863700867,0.5894218683242798,-0.08169099688529968,-0.046595409512519836,0.0014977864921092987,0.05896583944559097,0.01620994508266449,-0.16271674633026123,-1.4317750930786133,-0.10470075905323029,0.7368748784065247,-0.12858489155769348,-0.015965353697538376,0.016066057607531548,0.08368155360221863,-0.010184777900576591,-0.19697123765945435,-1.8705910444259644,-0.1223207637667656,0.8617672920227051,-0.16762316226959229,0.023078709840774536,0.03649527579545975,0.114395372569561,-0.01927274465560913,-0.21194683015346527
-0.7221133708953857,0.29627588391304016,0.537490963935852,-0.581385612487793,0.002002805471420288,-0.041373688727617264,0.11269591748714447,0.05722676217556,-0.4193704128265381,-1.433117389678955,0.3364391624927521,0.6766800284385681,-0.8639364838600159,-0.022369395941495895,-0.022785024717450142,0.11801127344369888,0.09595127403736115,-0.49920815229415894,-1.9802906513214111,0.3542221784591675,0.7964420318603516,-1.0757391452789307,-0.04776427149772644,-0.02235470712184906,0.14735254645347595,0.15411905944347382,-0.5958085656166077
-0.3895992636680603,-0.19757646322250366,0.43336352705955505,-0.41416311264038086,0.0034055709838867188,-0.032234031707048416,-0.16610975563526154,0.15467773377895355,-0.31512099504470825,-1.1056840419769287,-0.272635817527771,0.5068764686584473,-0.7914674282073975,-0.01138366386294365,-0.019918398931622505,-0.1716146469116211,0.21690170466899872,-0.3577309250831604,-1.8257277011871338,-0.3051949143409729,0.5184146165847778,-1.0848318338394165,-0.012623533606529236,0.008994705975055695,-0.14323174953460693,0.20968207716941833,-0.5177612900733948
-1.4257276058197021,-0.24469631910324097,0.5090592503547668,-0.5774033665657043,-0.05962932109832764,-0.017019707709550858,-0.1448560655117035,-0.02493669092655182,-0.13981571793556213,-1.8757219314575195,-0.3085315227508545,0.6493352055549622,-0.732880175113678,-0.011030253022909164,-0.04109860956668854,-0.16472432017326355,-0.021762100979685783,-0.14591307938098907,-2.153777599334717,-0.32200103998184204,0.6508116722106934,-0.8395400047302246,-0.07478258013725281,-0.033073775470256805,-0.20039427280426025,0.029742538928985596,-0.11158174276351929
-0.41047489643096924,-0.0250638946890831,0.4872841238975525,-0.22909881174564362,0.09768456220626831,0.006125371903181076,0.06427185237407684,-2.0876526832580566e-05,-0.19850465655326843,-0.9679611325263977,-0.004748646169900894,0.5939809679985046,-0.371562123298645,0.07336972653865814,0.014581127092242241,0.09583539515733719,0.03142480552196503,-0.24649390578269958,-1.4120705127716064,0.011894464492797852,0.6768108606338501,-0.4717126786708832,0.0633179098367691,0.05020677298307419,0.13211610913276672,0.04056790471076965,-0.2907909154891968
-0.4440256357192993,0.014062412083148956,0.4829387366771698,-0.07905887812376022,-0.0340675413608551,-0.06097646430134773,-0.1871233731508255,0.015869900584220886,0.0848865807056427,-1.1158539056777954,0.0045095644891262054,0.5716989636421204,-0.14293795824050903,-0.056786369532346725,-0.05515433847904205,-0.1725468784570694,0.05431941896677017,0.07532425224781036,-1.8439059257507324,0.029083721339702606,0.6815450191497803,-0.19747084379196167,-0.054179221391677856,-0.06985075026750565,-0.15324807167053223,0.08158674836158752,0.0688411146402359
-0.32688480615615845,-0.005744092166423798,0.35734960436820984,-0.5770961046218872,-0.008119583129882812,-0.08271141350269318,-0.07799077033996582,0.1570490449666977,-0.3053903579711914,-1.0002598762512207,-0.034766409546136856,0.43989551067352295,-0.9629204273223877,0.06456443667411804,-0.1083337813615799,-0.03437387943267822,0.14991141855716705,-0.28514912724494934,-1.8671634197235107,-0.02776195853948593,0.6247619390487671,-1.2123074531555176,0.009794473648071289,-0.12050691992044449,0.018206514418125153,0.31680625677108765,-0.3613262176513672
-1.1221836805343628,0.2922632098197937,0.41193267703056335,-0.9837434887886047,-0.0791378915309906,-0.0013420172035694122,-0.1533600091934204,0.08989904820919037,-0.22130092978477478,-1.6275370121002197,0.3113367557525635,0.471899151802063,-1.2499873638153076,-0.07244212925434113,-0.007597224786877632,-0.1700214147567749,0.09260545670986176,-0.223099023103714,-2.1043248176574707,0.3418150544166565,0.5228073000907898,-1.468170166015625,-0.060645341873168945,0.028968743979930878,-0.1777574121952057,0.060329824686050415,-0.22647494077682495
-0.686145544052124,0.34103184938430786,0.582621157169342,-0.2011346071958542,0.029056459665298462,-0.0036814995110034943,0.0834042876958847,0.06221078336238861,-0.16903167963027954,-1.394357442855835,0.43606191873550415,0.6965811252593994,-0.3204551935195923,-0.008558664470911026,-0.004089729860424995,0.07823701947927475,0.05285392701625824,-0.2615208029747009,-1.9614624977111816,0.4979456067085266,0.8273665904998779,-0.41898438334465027,-0.054722100496292114,-0.01590091735124588,0.09173666685819626,0.08271145820617676,-0.3250773549079895
-0.6977492570877075,0.027722544968128204,0.45083311200141907,-0.7787038087844849,0.12906751036643982,0.05336849018931389,-0.024341292679309845,0.1441020518541336,-0.2815938889980316,-1.2628307342529297,0.061006706207990646,0.5264343619346619,-1.0768722295761108,0.08518911898136139,0.02306125871837139,-0.018360519781708717,0.208438441157341,-0.33446401357650757,-1.7645399570465088,0.06613167375326157,0.5075744390487671,-1.272445797920227,0.08306849002838135,0.022654972970485687,0.01659271866083145,0.22135773301124573,-0.38834112882614136
-1.2255549430847168,-0.16813769936561584,0.46034157276153564,-0.75603848695755,0.08530327677726746,-0.040853101760149,-0.007502846419811249,0.01198558509349823,-0.2381594479084015,-1.5178205966949463,-0.11748215556144714,0.5802502632141113,-0.987286388874054,0.08913993835449219,-0.04739971458911896,-0.014208758249878883,0.012508323416113853,-0.23018790781497955,-1.4118130207061768,-0.05280699580907822,0.6514351963996887,-1.1514694690704346,0.00227905809879303,-0.06774497777223587,-0.03130439668893814,0.12416279315948486,-0.17903998494148254
-0.9599865674972534,-0.19140303134918213,0.5642349123954773,-0.3591916561126709,0.005541443824768066,-0.005541641265153885,-0.0753764659166336,0.0017784684896469116,-0.0323333777487278,-1.602568507194519,-0.21842730045318604,0.6684865951538086,-0.43176931142807007,0.03500199690461159,0.01888529770076275,-0.08343314379453659,-0.018702557310461998,-0.05050172284245491,-2.0364112854003906,-0.24503934383392334,0.7736169695854187,-0.4917948544025421,0.004263654351234436,0.019244439899921417,-0.08532951027154922,0.06729641556739807,-0.047356415539979935
-0.8020829558372498,0.23248523473739624,0.5575708746910095,-0.5045422911643982,0.01962241530418396,-0.04988737776875496,0.09592173993587494,0.09949298202991486,-0.4948866665363312,-1.3062212467193604,0.27783799171447754,0.6365060806274414,-0.709108293056488,0.03627552464604378,-0.05670906603336334,0.14914987981319427,0.14944152534008026,-0.5063415169715881,-1.5492154359817505,0.3144069314002991,0.6366244554519653,-0.827858567237854,0.0480017364025116,-0.006232179701328278,0.20435208082199097,0.1596868932247162,-0.5105801224708557
-0.7128174304962158,0.2288171947002411,0.5942885279655457,-0.10110466927289963,-0.0006537735462188721,-0.007590610533952713,0.0049031078815460205,0.012996122241020203,-0.04877311363816261,-1.5392889976501465,0.3604396879673004,0.7221810221672058,-0.15969650447368622,0.0026394762098789215,-0.0024433303624391556,0.01629229448735714,-0.02653738670051098,-0.10449260473251343,-2.179764747619629,0.4535703659057617,0.8741255402565002,-0.23336082696914673,-0.04347822070121765,-0.011287935078144073,0.017337985336780548,0.02435806393623352,-0.14480091631412506
-0.7413981556892395,-0.18899211287498474,0.3963637053966522,-0.2807825803756714,0.10536691546440125,0.05249420925974846,-0.09716791659593582,0.03487496078014374,-0.2134249210357666,-1.3993616104125977,-0.24204730987548828,0.514415979385376,-0.4423092007637024,0.11423315107822418,0.000942988321185112,-0.11496883630752563,0.09817364811897278,-0.22040605545043945,-1.8699471950531006,-0.2713940441608429,0.559604287147522,-0.5622124671936035,0.1561030149459839,-0.005769051611423492,-0.11015111953020096,0.05276207625865936,-0.21105268597602844
-0.6951844692230225,0.07890886813402176,0.6066100001335144,-0.020114924758672714,-0.043476492166519165,-0.08102931082248688,0.040229812264442444,-0.02206958830356598,-0.20457947254180908,-1.3706165552139282,0.09128810465335846,0.7264857888221741,-0.11966418474912643,-0.026398207992315292,-0.056508615612983704,0.06125733256340027,-0.014977989718317986,-0.2272738814353943,-1.7653803825378418,0.09043779224157333,0.8719147443771362,-0.20025941729545593,-0.04009738564491272,-0.036479271948337555,0.08554870635271072,0.025064826011657715,-0.26085251569747925
-0.9555269479751587,-0.30246472358703613,0.5060071349143982,-0.2963080406188965,0.031129345297813416,0.04539553448557854,0.021794334053993225,-0.03799737989902496,-0.21467071771621704,-1.4733479022979736,-0.3866550326347351,0.6111317873001099,-0.46457481384277344,0.0590224452316761,0.032880768179893494,0.020082933828234673,0.020386548712849617,-0.22354203462600708,-1.7530932426452637,-0.4640499949455261,0.7302619218826294,-0.5924491882324219,0.10217663645744324,0.012952469289302826,0.033063583076000214,0.04867109656333923,-0.23783759772777557
-1.298416256904602,0.04006213694810867,0.5658538937568665,-0.47849327325820923,0.012798964977264404,-0.07136054337024689,0.012629248201847076,0.0011326521635055542,-0.2898295819759369,-1.828312635421753,0.030961837619543076,0.6638457179069519,-0.624371349811554,0.03218190744519234,-0.06317879259586334,0.023204220458865166,0.048773109912872314,-0.30093586444854736,-2.154296398162842,0.0007720515131950378,0.7992590069770813,-0.7312676906585693,0.04186636209487915,-0.04453659802675247,0.018744386732578278,0.10055327415466309,-0.2701907753944397
-0.6930808424949646,-0.2703942060470581,0.6578378081321716,-0.0022326214239001274,0.012973904609680176,0.016768019646406174,0.11791139841079712,0.062104567885398865,-0.2738134264945984,-1.3217966556549072,-0.3441692292690277,0.8200891017913818,-0.10636643320322037,0.027278918772935867,-0.003835456445813179,0.12896397709846497,0.07483571767807007,-0.3125596046447754,-1.7830471992492676,-0.3907976448535919,0.893622100353241,-0.15408015251159668,-0.005478888750076294,0.03488553315401077,0.15634402632713318,0.09999078512191772,-0.34013432264328003
-0.7614614367485046,0.12529581785202026,0.4892391264438629,-0.26727449893951416,-0.06582492589950562,0.009552102535963058,-0.039718400686979294,0.02260737121105194,-0.12387272715568542,-1.3501957654953003,0.17738094925880432,0.6775990128517151,-0.3651858866214752,-0.04623546823859215,-0.006748037412762642,-0.00797012634575367,0.012351246550679207,-0.17981943488121033,-1.7546195983886719,0.1932179033756256,0.7452856302261353,-0.4482315182685852,-0.04120367765426636,0.014348052442073822,0.011008061468601227,0.0516338050365448,-0.20616038143634796
-1.1581648588180542,-0.10784535855054855,0.5930622220039368,-0.6495946645736694,0.010004878044128418,-0.038363415747880936,0.07612822204828262,0.012800320982933044,-0.3385584056377411,-1.7538001537322998,-0.09645222127437592,0.6632760167121887,-0.8521426916122437,0.01747860386967659,-0.012108104303479195,0.10314581543207169,0.0610506534576416,-0.3794860243797302,-2.1756272315979004,-0.09095931798219681,0.8262650966644287,-1.0304852724075317,0.008931756019592285,-0.01982525736093521,0.1362110674381256,0.1035618782043457,-0.42154330015182495
-0.6158052682876587,0.13682571053504944,0.5492890477180481,0.04664813354611397,-0.04218234121799469,-0.001061815768480301,0.02478446066379547,0.03647087514400482,-0.09083941578865051,-1.3361842632293701,0.13376513123512268,0.708818256855011,0.01898176223039627,-0.04436729475855827,-0.004476265981793404,0.044209979474544525,0.03447026014328003,-0.11130322515964508,-1.7002689838409424,0.11873091012239456,0.8088462948799133,-0.007570382207632065,-0.019791200757026672,0.040326423943042755,0.07618337124586105,0.032583147287368774,-0.09292241930961609
-1.0558406114578247,-0.14725446701049805,0.5687820315361023,-0.777995228767395,0.021929264068603516,0.04019610211253166,0.058787792921066284,0.031932637095451355,-0.3661242127418518,-1.7683771848678589,-0.18253114819526672,0.7583075165748596,-1.0474878549575806,-0.011648070067167282,0.030196649953722954,0.05969293415546417,0.032342735677957535,-0.3614291846752167,-2.311626434326172,-0.25629010796546936,0.9082021713256836,-1.2586016654968262,-0.022509247064590454,0.011573843657970428,0.07719442993402481,0.07557344436645508,-0.390654057264328
-0.8230399489402771,0.18538379669189453,0.6050627827644348,-0.1167956218123436,-0.06083887815475464,0.04788319393992424,0.12289269268512726,0.06015412509441376,-0.3239082396030426,-1.523836374282837,0.23361825942993164,0.7614536881446838,-0.2111554890871048,-0.09582167863845825,0.02869306318461895,0.13333256542682648,0.035488441586494446,-0.36616021394729614,-2.1180307865142822,0.24756833910942078,0.8921559453010559,-0.28843340277671814,-0.10998982191085815,0.05357448011636734,0.15524977445602417,0.02217698097229004,-0.40051114559173584
-0.9270557165145874,-0.06134840101003647,0.5109803080558777,-0.22671085596084595,-0.03003019094467163,-0.055373746901750565,0.11520011723041534,-0.027227595448493958,-0.260195255279541,-1.4653208255767822,-0.07920078933238983,0.6876264810562134,-0.28241658210754395,-0.05506319925189018,-0.05850185453891754,0.12149015814065933,0.037730537354946136,-0.2897397577762604,-1.6806926727294922,-0.0984114333987236,0.7446094155311584,-0.3010420501232147,-0.03569367527961731,-0.028390400111675262,0.13777443766593933,0.03996351361274719,-0.26502227783203125
-0.789738655090332,0.11671463400125504,0.4721580445766449,-0.25211286544799805,0.006028950214385986,-0.027880031615495682,-0.1564006805419922,-0.00019784271717071533,-0.059543076902627945,-1.4977765083312988,0.16477179527282715,0.59610515832901,-0.3608195185661316,-0.014020141214132309,-0.038978055119514465,-0.16427521407604218,-0.0011034291237592697,-0.10109548270702362,-2.0976715087890625,0.1816750168800354,0.737084150314331,-0.478242963552475,-0.0460982620716095,-0.025229014456272125,-0.18958407640457153,0.027173519134521484,-0.1297844797372818
-0.5946245193481445,0.005313165485858917,0.5163463950157166,-0.37385645508766174,0.06382767856121063,-0.0005575604736804962,0.14286673069000244,0.06213091313838959,-0.30990639328956604,-1.104718804359436,0.046689923852682114,0.6010741591453552,-0.5870212912559509,0.033291492611169815,0.012285096570849419,0.16280776262283325,0.08903715014457703,-0.3515684902667999,-1.4592936038970947,0.07908033579587936,0.6930495500564575,-0.7467634081840515,0.023552894592285156,-0.014845259487628937,0.21018251776695251,0.1154157817363739,-0.40941429138183594
-0.7878398895263672,0.15256106853485107,0.5680553317070007,-0.15950962901115417,-0.07059407234191895,-0.05124540999531746,0.040249019861221313,0.054247066378593445,-0.21959280967712402,-1.5737333297729492,0.22476167976856232,0.7194191217422485,-0.3051580786705017,-0.040593262761831284,-0.059416189789772034,0.0732300728559494,0.02982066012918949,-0.24587026238441467,-2.2018799781799316,0.2614053785800934,0.8446928858757019,-0.44100984930992126,-0.08656778931617737,-0.052666909992694855,0.09234146028757095,0.09205541014671326,-0.3086458742618561
-1.0206564664840698,-0.2517116367816925,0.4874432384967804,0.22074995934963226,0.03387787938117981,0.04229263588786125,-0.01430685818195343,-0.06493999063968658,0.018938537687063217,-1.663991928100586,-0.28446274995803833,0.7012797594070435,0.30258437991142273,-0.009258728474378586,-0.004064219072461128,-0.061812423169612885,-0.0983121246099472,0.037268396466970444,-1.9639863967895508,-0.3358135223388672,0.7988800406455994,0.3510577082633972,0.016243189573287964,0.007436253130435944,-0.09840204566717148,-0.1513083279132843,0.10350510478019714
-0.9544341564178467,0.3253585696220398,0.5998663902282715,0.02472769096493721,-0.07395419478416443,-0.036666590720415115,0.1859271228313446,0.022400423884391785,-0.2525576949119568,-1.60646653175354,0.42866021394729614,0.7676722407341003,-0.004899538122117519,-0.09255369007587433,-0.0327916294336319,0.18382084369659424,0.02530910260975361,-0.26830679178237915,-1.9140758514404297,0.4681483507156372,0.905099630355835,-0.04180632531642914,-0.10104653239250183,0.0026649609208106995,0.17375317215919495,0.0548708438873291,-0.2618154287338257
-1.1136122941970825,-0.37640902400016785,0.46487829089164734,-0.15706318616867065,0.028553277254104614,-0.006515104323625565,-0.19539040327072144,-0.0650252252817154,-0.0006917454302310944,-1.5627026557922363,-0.45311862230300903,0.5451244115829468,-0.21585392951965332,0.013568822294473648,-0.01689841039478779,-0.22319655120372772,-0.04639928787946701,0.024868901818990707,-1.8410197496414185,-0.4802335500717163,0.5767896771430969,-0.2517913281917572,-0.018278926610946655,-0.0411519780755043,-0.25226035714149475,-0.037001073360443115,0.07170894742012024
-0.4576399326324463,0.3238389492034912,0.4953182637691498,-0.06429078429937363,-0.01755353808403015,-0.028575677424669266,-0.04204977676272392,0.014208361506462097,-0.13467809557914734,-1.2929928302764893,0.40258151292800903,0.6612263917922974,-0.17780150473117828,-0.02691012993454933,-0.0334671288728714,-0.02571375109255314,0.014568762853741646,-0.1483110785484314,-2.038747549057007,0.4576999545097351,0.8032540082931519,-0.30200767517089844,-0.020992904901504517,-0.02968607097864151,-0.008794866502285004,-0.005666881799697876,-0.1635977178812027
-0.7366671562194824,0.08921677619218826,0.4580901563167572,-0.2665853798389435,0.01495671272277832,-0.058640021830797195,-0.06744056940078735,0.036520108580589294,-0.13688541948795319,-1.2165533304214478,0.10869225859642029,0.5448717474937439,-0.35735201835632324,0.005356568843126297,-0.049504414200782776,-0.06188475340604782,0.008961068466305733,-0.1779504120349884,-1.324802279472351,0.12145233899354935,0.637569785118103,-0.41441604495048523,-0.01747669279575348,-0.05397764593362808,-0.04843365401029587,0.07767519354820251,-0.15788660943508148
-0.7852460145950317,0.25230178236961365,0.558372437953949,0.0642688199877739,-0.013155579566955566,0.012667875736951828,0.03740093111991882,-0.03823883831501007,-0.10949987173080444,-1.3941447734832764,0.29209548234939575,0.6725082397460938,0.06703769415616989,-0.02259105071425438,0.01599155180156231,0.040108539164066315,-0.03552405536174774,-0.10318055748939514,-1.651875376701355,0.35345393419265747,0.7821566462516785,0.05082033947110176,-0.036828845739364624,-0.0003433600068092346,0.030690453946590424,-0.014399021863937378,-0.048327524214982986
-1.1979427337646484,0.13352620601654053,0.6581476330757141,-0.5342692136764526,-0.10264363884925842,-0.028101999312639236,0.167002335190773,0.0440698117017746,-0.4410620629787445,-1.9073684215545654,0.18387871980667114,0.7961065769195557,-0.70052170753479,-0.027359481900930405,-0.014742748811841011,0.17460304498672485,0.08994905650615692,-0.4791244864463806,-2.386320114135742,0.2272387146949768,0.8837817311286926,-0.8447438478469849,-0.02943292260169983,0.036873675882816315,0.1711197793483734,0.08544236421585083,-0.5337918996810913
-0.8891435861587524,-0.2997741401195526,0.5591422319412231,-0.7836459875106812,0.08226034045219421,0.013714473694562912,-0.0032697468996047974,0.02459631860256195,-0.323346346616745,-1.4459054470062256,-0.3607327342033386,0.6217364072799683,-1.0619300603866577,0.05817972496151924,-0.002133505418896675,-0.0008311290293931961,0.051524266600608826,-0.385484904050827,-1.9676644802093506,-0.4008963108062744,0.7114893198013306,-1.2614139318466187,0.028330236673355103,-0.040087662637233734,0.030283354222774506,0.06464444100856781,-0.46519535779953003
-0.900233268737793,-0.1312827467918396,0.5737015008926392,-0.29656314849853516,-0.022776901721954346,0.04727689549326897,0.08845855295658112,0.08089499175548553,-0.24785950779914856,-1.4985809326171875,-0.15869852900505066,0.6748525500297546,-0.4334036707878113,0.02186945453286171,0.05919669568538666,0.09461822360754013,0.0974196195602417,-0.3327774405479431,-1.8426419496536255,-0.20433256030082703,0.8118696808815002,-0.5593295693397522,0.057042598724365234,0.057473815977573395,0.11115913838148117,0.11216157674789429,-0.38372382521629333
-0.7042956948280334,0.24408751726150513,0.5105125308036804,-0.027128633111715317,-0.04798737168312073,0.004810255020856857,-0.030727677047252655,0.0483689159154892,-0.1119549423456192,-1.3077032566070557,0.25162023305892944,0.5975400805473328,-0.08812574297189713,-0.017613720148801804,0.015957815572619438,-0.023184621706604958,0.020993145182728767,-0.13404588401317596,-1.7022782564163208,0.23951032757759094,0.7145270109176636,-0.1506079137325287,-0.011170297861099243,0.018516920506954193,-0.013221435248851776,0.06783750653266907,-0.1461886614561081
-0.9823389053344727,0.22063514590263367,0.36065787076950073,-0.47072768211364746,0.014882832765579224,0.022113841027021408,-0.09535659849643707,0.03693397343158722,-0.2802017629146576,-1.434718132019043,0.2928611934185028,0.412685751914978,-0.6733974814414978,-0.009072180837392807,0.02466527931392193,-0.1367882341146469,0.062493227422237396,-0.3259924352169037,-1.647934913635254,0.32434138655662537,0.573360025882721,-0.8463606834411621,-0.01875823736190796,-0.006484143435955048,-0.17520949244499207,0.10564431548118591,-0.3354964554309845
-0.8570865392684937,0.2634851932525635,0.4439185559749603,-0.5593411326408386,-0.09046712517738342,0.0188625268638134,-0.06700286269187927,0.08432792127132416,-0.36339184641838074,-1.5945944786071777,0.2985144853591919,0.6109777688980103,-0.7688978314399719,-0.06001531705260277,0.002805156633257866,-0.05739421397447586,0.13266654312610626,-0.4162278175354004,-2.1732211112976074,0.32108038663864136,0.7513842582702637,-0.9173836708068848,-0.05992218852043152,-0.010241605341434479,-0.048943452537059784,0.11215785145759583,-0.4584135413169861
-1.0646487474441528,-0.04000239819288254,0.6234585642814636,0.08964797109365463,-0.06076407432556152,-0.05126805976033211,-0.11099240928888321,0.000962480902671814,-0.049801651388406754,-1.7520999908447266,-0.0919698029756546,0.7301536798477173,0.13907845318317413,-0.079344242811203,-0.0069643426686525345,-0.15439561009407043,-0.03878079354763031,-0.051105666905641556,-2.2573180198669434,-0.12944325804710388,0.8623740077018738,0.14395757019519806,-0.06867566704750061,-0.03133242577314377,-0.17877882719039917,-0.10259774327278137,-0.018687132745981216
-0.09113089740276337,0.22498422861099243,0.2046496570110321,-0.845457911491394,0.14844191074371338,-0.07483108341693878,-0.02897365391254425,0.19565115869045258,-0.5225908756256104,-0.6217491030693054,0.30087053775787354,0.22730499505996704,-1.3916876316070557,0.1408141553401947,-0.06904514133930206,-0.06486394256353378,0.3544292151927948,-0.45531338453292847,-1.4370194673538208,0.4065425992012024,0.2555648982524872,-1.7508344650268555,0.2198607325553894,-0.04574153572320938,-0.04902496188879013,0.3393334448337555,-0.5273939371109009
-0.8336865901947021,0.2532635033130646,0.5094363689422607,-0.17976276576519012,-0.13095226883888245,0.002713959664106369,-0.030543453991413116,-0.04015924036502838,-0.08900883793830872,-1.6292704343795776,0.3073955476284027,0.7167952656745911,-0.2194920927286148,-0.11432653665542603,0.013587934896349907,-0.01866655983030796,-0.037144385278224945,-0.14017444849014282,-2.3927459716796875,0.36722421646118164,0.8663647770881653,-0.2923471927642822,-0.147619366645813,0.008981488645076752,-0.019470535218715668,-0.022880494594573975,-0.18499775230884552
-0.7128836512565613,0.08829403668642044,0.5700021982192993,-0.7468469142913818,-0.0027594566345214844,-0.027103383094072342,0.021104589104652405,0.07378475368022919,-0.3325490951538086,-1.2976547479629517,0.07318183779716492,0.5911672711372375,-1.031604528427124,0.022195298224687576,0.009880883619189262,0.061148375272750854,0.10869573801755905,-0.36271175742149353,-1.8869863748550415,0.06311146169900894,0.7449944019317627,-1.246370553970337,0.03981059789657593,-0.005110464990139008,0.11406949907541275,0.14915983378887177,-0.40642213821411133
-0.6399531960487366,-0.12244176119565964,0.45321616530418396,-0.5983521938323975,0.02044031023979187,0.01199374720454216,-0.0037850290536880493,0.05647765100002289,-0.31923046708106995,-1.1409636735916138,-0.12299713492393494,0.5073733925819397,-0.8609448075294495,0.03266434744000435,0.029500586912035942,0.0386667475104332,0.0882444679737091,-0.35486501455307007,-1.5274109840393066,-0.15876492857933044,0.6336230039596558,-1.0458595752716064,0.02702099084854126,0.03248661011457443,0.09025464206933975,0.15512903034687042,-0.39926502108573914
-0.871810793876648,-0.0808093473315239,0.47642090916633606,-0.28305935859680176,0.005861714482307434,0.015649836510419846,-0.11647168546915054,-0.033552899956703186,-0.048096004873514175,-1.4796473979949951,-0.11826081573963165,0.6227989196777344,-0.37227869033813477,0.02299492433667183,-0.021896736696362495,-0.124275341629982,-0.024100644513964653,-0.06383520364761353,-1.9285228252410889,-0.14062458276748657,0.7079963684082031,-0.47236478328704834,0.025838017463684082,-0.024756737053394318,-0.14076966047286987,0.008167654275894165,-0.08443772792816162
-1.1974173784255981,-0.01787736266851425,0.5299248099327087,-0.48539435863494873,0.024536818265914917,0.035682957619428635,0.00520285964012146,0.03197626769542694,-0.09336906671524048,-1.6258529424667358,-0.010282475501298904,0.617931067943573,-0.5404772758483887,-0.0014573894441127777,0.048126623034477234,-0.01888052560389042,0.06480801105499268,-0.10694995522499084,-1.687335729598999,0.008265100419521332,0.7008402943611145,-0.59079909324646,-0.005942612886428833,0.03842505067586899,-0.043701909482479095,0.03992629051208496,-0.02928236499428749
-0.7092903852462769,-0.039797477424144745,0.5652894377708435,0.20124474167823792,-0.05053776502609253,-0.04576577618718147,-0.004443012177944183,-0.057717397809028625,-0.001424882560968399,-1.3297512531280518,-0.02870992198586464,0.7389839291572571,0.21415957808494568,-0.044448819011449814,-0.036299243569374084,0.012219434604048729,-0.07817216217517853,-0.03177594766020775,-1.7056547403335571,-0.023189567029476166,0.7968693375587463,0.2501523196697235,-0.04689481854438782,-0.007479541003704071,0.03174630552530289,-0.03034210205078125,-0.016343344002962112
-0.5407468676567078,0.14091986417770386,0.5412898063659668,0.07840562611818314,-0.007298827171325684,0.05809931084513664,-0.09502219408750534,0.03676454722881317,-0.1418626606464386,-1.3656773567199707,0.1899249404668808,0.666522741317749,0.03510413318872452,-0.012107346206903458,0.02388833276927471,-0.0617537796497345,-0.01216973178088665,-0.1684277057647705,-1.9393959045410156,0.20282360911369324,0.7913373112678528,-0.022551339119672775,0.0096893310546875,0.022730298340320587,-0.03482525795698166,-0.034436196088790894,-0.17726469039916992
-0.7822070121765137,-0.11180933564901352,0.5922593474388123,-0.02637794241309166,-0.01119503378868103,-0.039501745253801346,-0.0898861289024353,0.04233025014400482,-0.1471155285835266,-1.696865439414978,-0.10647213459014893,0.6767376661300659,-0.08479645103216171,0.019627023488283157,-0.0180180836468935,-0.09327507019042969,0.007784547284245491,-0.18403731286525726,-2.440443515777588,-0.0852195993065834,0.868594765663147,-0.18320155143737793,-0.027390003204345703,-0.044242389500141144,-0.1064591035246849,0.09196528792381287,-0.2524428367614746
-0.7848551869392395,0.2573469877243042,0.45285484194755554,-0.10141090303659439,-0.09274503588676453,-0.03562052920460701,-0.0012123137712478638,-0.046000197529792786,-0.16083410382270813,-1.3078655004501343,0.30696216225624084,0.5669875741004944,-0.1679757982492447,-0.08632087707519531,-0.029724853113293648,0.011112978681921959,-0.0037026386708021164,-0.16689258813858032,-1.5111744403839111,0.3620692491531372,0.6493549346923828,-0.20667578279972076,-0.07006716728210449,-0.006174810230731964,0.015739671885967255,-0.003930628299713135,-0.15037119388580322
-0.478996217250824,0.2293015718460083,0.6162861585617065,0.015065436251461506,-0.043562352657318115,-0.001480240374803543,0.10250608623027802,-0.01142527163028717,-0.21508273482322693,-1.2304211854934692,0.2429032325744629,0.7328919172286987,-0.06768811494112015,-0.04534340277314186,0.017301781103014946,0.11206326633691788,0.07428702712059021,-0.23177248239517212,-1.9443702697753906,0.2832711338996887,0.8846619129180908,-0.13563969731330872,-0.058965057134628296,-0.003088243305683136,0.12933886051177979,0.06731712818145752,-0.2830934524536133
-0.693075954914093,0.536711573600769,0.5126838684082031,-0.06253591924905777,-0.008556365966796875,-0.054098088294267654,-0.04674035310745239,0.052663370966911316,-0.21918410062789917,-1.5091735124588013,0.6407943964004517,0.6469723582267761,-0.21044254302978516,-0.0554315410554409,-0.06675298511981964,-0.01669825054705143,0.06622879952192307,-0.2877731919288635,-2.1976890563964844,0.7407048344612122,0.7613638043403625,-0.3266725540161133,-0.0984559953212738,-0.06526180356740952,0.014049746096134186,0.07266581058502197,-0.3609379231929779
-0.837800145149231,0.10685748606920242,0.6457675099372864,-0.4536169171333313,0.010307997465133667,0.006790917366743088,0.0857502669095993,-0.036919966340065,-0.2405133843421936,-1.5330848693847656,0.13667413592338562,0.8133759498596191,-0.6139881014823914,-0.01688922569155693,-0.0021517444401979446,0.1152939423918724,0.04791875183582306,-0.33144330978393555,-2.049163818359375,0.16709670424461365,0.8946539163589478,-0.7390020489692688,-0.049819380044937134,0.027212925255298615,0.14647364616394043,0.07191070914268494,-0.3961520493030548
-0.6130906343460083,0.06330657750368118,0.24023069441318512,-0.7437496781349182,0.10717332363128662,0.013772528618574142,-0.14040739834308624,0.07848341763019562,-0.2941635549068451,-1.0910558700561523,0.10420607030391693,0.3096538782119751,-1.0698366165161133,0.08223816752433777,-0.017901794984936714,-0.1386256217956543,0.08618485927581787,-0.3626249134540558,-1.4792609214782715,0.11569253355264664,0.3839436173439026,-1.2996398210525513,0.04726386070251465,-0.011491745710372925,-0.12573641538619995,0.1527010053396225,-0.46892690658569336
-0.6487233638763428,-0.17911115288734436,0.392259806394577,-0.3251548707485199,-0.013172954320907593,0.044521134346723557,-0.08894065022468567,0.008404597640037537,-0.22212207317352295,-1.2768536806106567,-0.205335333943367,0.5119274258613586,-0.45187485218048096,-0.035089876502752304,0.023716432973742485,-0.10347374528646469,0.020081087946891785,-0.24463039636611938,-1.6843043565750122,-0.2451949119567871,0.5649773478507996,-0.5532636642456055,-0.04571458697319031,0.013033427298069,-0.1029004380106926,0.015620768070220947,-0.2765214145183563
-0.767423152923584,0.3629431128501892,0.49244263768196106,-0.17337267100811005,0.02430325746536255,-0.03348894789814949,-0.0661274641752243,-0.018159762024879456,-0.049706730991601944,-1.4157322645187378,0.4498945474624634,0.575515866279602,-0.242462620139122,-0.01991518959403038,-0.0014356542378664017,-0.08341018110513687,-0.03467573970556259,-0.08225803077220917,-1.8037829399108887,0.5262433886528015,0.7288228273391724,-0.33414313197135925,-0.06566499173641205,-0.029237963259220123,-0.10422169417142868,-0.06037510931491852,-0.08561824262142181
-0.6284588575363159,0.17770978808403015,0.4135842025279999,-0.30523043870925903,-0.14044958353042603,-0.051556546241045,-0.14940866827964783,0.03267155587673187,-0.1809585690498352,-1.2239916324615479,0.18775759637355804,0.5656416416168213,-0.45061492919921875,-0.13364306092262268,-0.055648937821388245,-0.1305127739906311,0.032189108431339264,-0.20160113275051117,-1.6518882513046265,0.19787585735321045,0.598147988319397,-0.537719190120697,-0.13062158226966858,-0.025873132050037384,-0.10303542762994766,0.03310519456863403,-0.19884110987186432
-1.0537911653518677,-0.4853740930557251,0.43817076086997986,-0.36792075634002686,0.046628475189208984,0.022823255509138107,-0.15449917316436768,-0.03521658480167389,-0.1689918041229248,-1.6609957218170166,-0.5373103022575378,0.5826520919799805,-0.5084409117698669,0.05254507437348366,-0.02028443105518818,-0.18016615509986877,-0.03296945244073868,-0.17925527691841125,-2.1275997161865234,-0.5896087288856506,0.6489156484603882,-0.6125462055206299,0.05263274908065796,-0.01744290441274643,-0.19680708646774292,-0.038703709840774536,-0.20837970077991486
-0.7907218933105469,-0.06008463352918625,0.5670507550239563,-0.3236919343471527,0.01663416624069214,-0.014532763510942459,0.028809182345867157,0.06146489083766937,-0.2560513913631439,-1.4137704372406006,-0.0829220712184906,0.6284674406051636,-0.5293325781822205,0.05617498233914375,0.008953316137194633,0.020608095452189445,0.08419821411371231,-0.30671051144599915,-1.8225175142288208,-0.09238921850919724,0.7311531901359558,-0.7063577175140381,0.06539027392864227,0.023674674332141876,0.014559365808963776,0.10200650990009308,-0.3555184602737427
-0.5880178213119507,0.038138486444950104,0.5893216729164124,-0.10547352582216263,-0.013728797435760498,-0.031092483550310135,0.042479127645492554,0.06965409219264984,-0.2952756881713867,-1.2603747844696045,0.024143602699041367,0.6670788526535034,-0.3116798996925354,0.004802543669939041,0.004038495942950249,0.06435856223106384,0.06690914183855057,-0.34132999181747437,-1.903265357017517,0.022810466587543488,0.8271021842956543,-0.46960410475730896,-0.0626659095287323,-0.03250394016504288,0.09550408273935318,0.1810411810874939,-0.44331085681915283
-0.3889300227165222,-0.014248929917812347,0.5083253979682922,-0.3181741535663605,0.051243871450424194,-0.02939041331410408,0.03884744644165039,0.040216729044914246,-0.3080331087112427,-0.9203067421913147,-0.04428443685173988,0.582287073135376,-0.524380624294281,0.05524814501404762,-0.014647381380200386,0.0819195881485939,0.05876563489437103,-0.35733556747436523,-1.5017337799072266,-0.014774717390537262,0.694587767124176,-0.6559475660324097,0.01814359426498413,-0.056025438010692596,0.14325031638145447,0.061190634965896606,-0.40341058373451233
-1.10468327999115,-0.1414566934108734,0.5021650195121765,-0.28315383195877075,0.03023245930671692,-0.015139300376176834,-0.05418863147497177,-0.03858138620853424,-0.0914933979511261,-1.7049139738082886,-0.17258475720882416,0.643851101398468,-0.3332486152648926,0.05186181142926216,-0.0140047837048769,-0.05844704806804657,-0.0335540696978569,-0.11128360033035278,-2.0514731407165527,-0.20182016491889954,0.787737250328064,-0.38697537779808044,0.07713541388511658,-0.033256836235523224,-0.06305181235074997,-0.010174691677093506,-0.08129151165485382
-0.6410980224609375,-0.13166147470474243,0.5242131352424622,-0.03967724367976189,0.07825882732868195,-0.019361693412065506,-0.054726168513298035,0.0006747692823410034,-0.10888180136680603,-1.2681753635406494,-0.18924711644649506,0.6061417460441589,-0.08567618578672409,0.07300929725170135,-0.02433730848133564,-0.06351583451032639,-0.019463038071990013,-0.13601823151111603,-1.6057547330856323,-0.23733782768249512,0.7250601053237915,-0.1150791198015213,0.0893944799900055,-0.05305842310190201,-0.05261308699846268,-0.016666635870933533,-0.1257263720035553
-0.7401896715164185,0.2123488187789917,0.502233624458313,-0.15121518075466156,-0.050343602895736694,-0.10505415499210358,0.09645497798919678,0.008467063307762146,-0.27428409457206726,-1.338949203491211,0.3037380874156952,0.6703344583511353,-0.22747795283794403,-0.061930861324071884,-0.06629456579685211,0.10337287932634354,0.027255209162831306,-0.3008829951286316,-1.6983575820922852,0.3643227219581604,0.7660329341888428,-0.2835793197154999,-0.05830676853656769,-0.034860171377658844,0.11465711146593094,0.04227864742279053,-0.31548798084259033
-0.7184803485870361,-0.03571473807096481,0.599590003490448,-0.23621812462806702,-0.010876685380935669,0.019953470677137375,0.14253787696361542,0.07706277072429657,-0.37771520018577576,-1.4661686420440674,0.010568123310804367,0.7339061498641968,-0.441243439912796,0.032860178500413895,0.03733484447002411,0.17533670365810394,0.08385303616523743,-0.4380098879337311,-1.9645593166351318,0.013665683567523956,0.8952122330665588,-0.594463586807251,0.019201278686523438,0.0226883664727211,0.2151254415512085,0.18862169981002808,-0.5012040138244629
-1.0648683309555054,0.03129444271326065,0.6597966551780701,0.09229833632707596,-0.11168995499610901,0.050246160477399826,0.16294525563716888,-0.022148266434669495,-0.17687490582466125,-1.9359869956970215,0.006940800696611404,0.8803294897079468,0.10691831260919571,-0.08373865485191345,0.04327218234539032,0.1417800784111023,0.028686853125691414,-0.24081498384475708,-2.5071523189544678,0.008709140121936798,0.9940026998519897,0.08518838882446289,-0.07482048869132996,0.04248733073472977,0.12649720907211304,0.03120666742324829,-0.28321221470832825
-0.46582430601119995,-0.13486966490745544,0.4322206676006317,-0.06457551568746567,0.037213459610939026,-0.013384003192186356,-0.07966546714305878,-0.022245779633522034,-0.05631280317902565,-1.054826259613037,-0.16137093305587769,0.5463589429855347,-0.11863730102777481,0.035456303507089615,0.002182288095355034,-0.04633219540119171,-0.005823833867907524,-0.05045003071427345,-1.5006555318832397,-0.18309739232063293,0.6352294683456421,-0.1606108397245407,0.018098488450050354,0.01029369980096817,-0.020151756703853607,0.015477299690246582,-0.03672139719128609
-0.9763091802597046,0.08283299952745438,0.743047297000885,-0.09681693464517593,-0.0975089967250824,-0.08390922844409943,0.052818186581134796,0.044956669211387634,-0.18010130524635315,-1.8898745775222778,0.09546718001365662,1.0088008642196655,-0.1319657266139984,-0.07920539379119873,-0.07681216299533844,0.05911571532487869,0.03409434109926224,-0.20944207906723022,-2.5232770442962646,0.10229203850030899,1.0617680549621582,-0.1723286509513855,-0.06818702816963196,-0.04071822017431259,0.07405293732881546,0.03532367944717407,-0.22547782957553864
-0.8568910360336304,-0.09213804453611374,0.6091454029083252,-0.521384596824646,0.0021664202213287354,-0.004819709807634354,-0.08228014409542084,0.07563184201717377,-0.2651962339878082,-1.5224040746688843,-0.13952656090259552,0.7034440040588379,-0.6872604489326477,-0.01793665811419487,0.006971521303057671,-0.0663812980055809,0.07853826880455017,-0.285636842250824,-2.0674235820770264,-0.17911306023597717,0.8056839108467102,-0.8111505508422852,-0.03045976161956787,-0.005014143884181976,-0.04089983552694321,0.050822556018829346,-0.3224251866340637
-0.7226042747497559,-0.15154987573623657,0.48491111397743225,-0.7521166801452637,0.13869918882846832,-0.0433703251183033,-0.011729702353477478,0.14327596127986908,-0.35085970163345337,-1.3035812377929688,-0.14099746942520142,0.5979213714599609,-1.1476075649261475,0.07359327375888824,-0.028219299390912056,-0.02242172323167324,0.18798626959323883,-0.36276793479919434,-1.8554677963256836,-0.16162291169166565,0.6787505149841309,-1.4554035663604736,0.06559412181377411,-0.012572221457958221,-0.005338914692401886,0.2197231501340866,-0.4391602873802185
-0.7309377193450928,0.13752645254135132,0.4800131618976593,-0.3595128357410431,0.027242839336395264,-0.04252215102314949,-0.057188913226127625,0.1288994699716568,-0.21851176023483276,-1.3659849166870117,0.2016426920890808,0.547649085521698,-0.5942849516868591,0.0001485981047153473,-0.028542296960949898,-0.08087389171123505,0.13063819706439972,-0.26353538036346436,-1.9641857147216797,0.23644238710403442,0.6278679370880127,-0.789899468421936,-0.014297544956207275,-0.03155723959207535,-0.08002688735723495,0.11191357672214508,-0.32334935665130615
-0.4668389558792114,-0.15329667925834656,0.3747852146625519,-0.2826022207736969,0.049728572368621826,0.012580018490552902,-0.19789204001426697,0.019046887755393982,-0.02075478807091713,-0.9748241305351257,-0.16155226528644562,0.42396044731140137,-0.4575919508934021,0.04957127943634987,0.013698739930987358,-0.1772403120994568,-0.002769557759165764,-0.0382450707256794,-1.3427842855453491,-0.14947649836540222,0.5342312455177307,-0.5722118020057678,0.04004167020320892,-0.02368275076150894,-0.14062201976776123,0.00634455680847168,-0.041529688984155655
-0.7460120916366577,0.16363826394081116,0.4801977276802063,-0.4136289656162262,0.010047674179077148,0.007279079407453537,-0.012724816799163818,0.041502997279167175,-0.10624149441719055,-1.306004524230957,0.23234058916568756,0.5705657601356506,-0.5414235591888428,-0.00886349007487297,0.003396732732653618,-0.034942395985126495,0.030699508264660835,-0.098568394780159,-1.603245496749878,0.25149884819984436,0.669564962387085,-0.6275148987770081,0.009807035326957703,0.008268661797046661,-0.037812910974025726,0.03968310356140137,-0.09466227889060974
-0.7466315031051636,0.49509015679359436,0.4225716292858124,0.003559027798473835,-0.058376461267471313,-0.03510792925953865,-0.11484940350055695,-0.04397664964199066,0.014498557895421982,-1.3572440147399902,0.61319899559021,0.5238100290298462,-0.02030772715806961,-0.09637872874736786,-0.0050101447850465775,-0.14187824726104736,-0.018408862873911858,-0.004212412983179092,-1.745747447013855,0.694880485534668,0.6853066086769104,-0.060534439980983734,-0.08235049247741699,-0.03113503009080887,-0.1599205732345581,0.012216955423355103,0.02006502076983452
-0.39441508054733276,-0.036811016499996185,0.4109167158603668,-0.2860971689224243,0.053908199071884155,-0.03198309615254402,-0.13976335525512695,0.042426154017448425,-0.02379578724503517,-0.922534167766571,-0.038587573915719986,0.5151751637458801,-0.456373929977417,0.026200223714113235,-0.0419507771730423,-0.11457807570695877,0.08066872507333755,-0.04255085438489914,-1.3138657808303833,-0.03680898994207382,0.515252947807312,-0.546903669834137,0.045004650950431824,-0.053904272615909576,-0.06938167661428452,0.09495671093463898,-0.03307032957673073
-0.8669551610946655,0.0745849683880806,0.4805894196033478,-0.20512795448303223,-0.04260250926017761,-0.0008737631142139435,-0.05318973958492279,0.026749178767204285,-0.04750857129693031,-1.6305620670318604,0.06469430029392242,0.6327657103538513,-0.2533774971961975,-0.034619878977537155,-0.03149022161960602,-0.06525317579507828,-0.021454771980643272,-0.09140375256538391,-2.2667880058288574,0.04129897803068161,0.7786866426467896,-0.3481231927871704,-0.06030231714248657,-0.04124677926301956,-0.08766549080610275,-0.01693570613861084,-0.12253856658935547
-0.5116963386535645,-0.3021102845668793,0.47806891798973083,-0.4646260738372803,0.04777798056602478,-0.028551358729600906,-0.01101762056350708,0.03431551158428192,-0.18650564551353455,-0.9767324328422546,-0.3540387451648712,0.5494763255119324,-0.6640130877494812,0.07933428883552551,-0.03304584324359894,0.037506185472011566,0.060476839542388916,-0.21730057895183563,-1.2577664852142334,-0.4001557230949402,0.5870352387428284,-0.776465117931366,0.12157291173934937,-0.00595632940530777,0.10389063507318497,0.09963178634643555,-0.20864616334438324
-1.009507179260254,0.3452015221118927,0.5146945118904114,-0.2885686159133911,-0.09819754958152771,0.02562503144145012,-0.007759887725114822,-0.0406273752450943,-0.28853803873062134,-1.6151633262634277,0.41053077578544617,0.5929616093635559,-0.40875717997550964,-0.10513314604759216,0.051714226603507996,-0.027418287470936775,0.021569745615124702,-0.3636091947555542,-2.0065603256225586,0.4329797327518463,0.7785083651542664,-0.5014379620552063,-0.07451990246772766,0.04182431846857071,-0.0340360626578331,0.06674540042877197,-0.35868263244628906
-0.8532626628875732,0.0008939877152442932,0.5720407366752625,-0.6605320572853088,0.010217338800430298,-0.02205856516957283,0.18078844249248505,0.05480585992336273,-0.5608029961585999,-1.4478070735931396,0.030639957636594772,0.7189705967903137,-0.9669361114501953,0.015240151435136795,-0.03075285442173481,0.21153730154037476,0.1369599997997284,-0.610898494720459,-1.76108717918396,0.01719895750284195,0.7986688017845154,-1.1779078245162964,0.009459927678108215,-0.030695877969264984,0.25096988677978516,0.21198949217796326,-0.6719723343849182
-0.6127687692642212,-0.01104714721441269,0.42031970620155334,-0.7147997617721558,-0.03755873441696167,-0.0278216190636158,-0.13042156398296356,0.08198271691799164,-0.36242711544036865,-1.1765179634094238,-0.043364230543375015,0.48826682567596436,-1.0259487628936768,-0.046906765550374985,-0.015509026125073433,-0.10420726239681244,0.14238198101520538,-0.3554995059967041,-1.7001677751541138,-0.05672106891870499,0.5445976257324219,-1.2440826892852783,-0.037538111209869385,-0.03230304270982742,-0.05369975417852402,0.16786906123161316,-0.39300867915153503
-0.7997779846191406,0.10416299849748611,0.3692522346973419,-0.5712058544158936,-0.01169276237487793,-0.09223993122577667,-0.2061084359884262,-0.007897868752479553,-0.12478455901145935,-1.3330260515213013,0.11900243163108826,0.4205722510814667,-0.8369821310043335,-0.0039374940097332,-0.08880390226840973,-0.17804598808288574,0.033519402146339417,-0.1584452986717224,-1.8168909549713135,0.1253446340560913,0.526157796382904,-1.0903350114822388,0.010287925601005554,-0.07706940919160843,-0.1804991364479065,0.0706823319196701,-0.21176424622535706
-0.8021607398986816,-0.017437748610973358,0.5741881132125854,-0.27037933468818665,0.03461858630180359,0.031102579087018967,0.034432023763656616,0.0017623752355575562,-0.15725597739219666,-1.5221993923187256,-0.0021622367203235626,0.7154534459114075,-0.37650781869888306,0.03506562486290932,0.014536721631884575,0.059396691620349884,0.03196839243173599,-0.22121286392211914,-1.9586784839630127,0.0098537877202034,0.8039930462837219,-0.4632752537727356,0.06823618710041046,0.012937329709529877,0.09814395755529404,0.038172364234924316,-0.24073530733585358
-1.0152510404586792,0.07400066405534744,0.460445374250412,-0.21898400783538818,-0.05072590708732605,-0.007371503859758377,-0.11397387087345123,-0.0007784515619277954,-0.21568939089775085,-1.6228971481323242,0.055021222680807114,0.5492665767669678,-0.3401947617530823,-0.025372441858053207,-0.012768881395459175,-0.11738863587379456,0.031477995216846466,-0.2558288276195526,-2.0731983184814453,0.08470361679792404,0.6459659934043884,-0.45046254992485046,-0.03396719694137573,-0.02437814325094223,-0.12631240487098694,0.015935271978378296,-0.28309738636016846
-0.43794190883636475,-0.04660027474164963,0.48964086174964905,-0.10166826844215393,0.10317325592041016,-0.054593462496995926,-0.11290869116783142,0.009487614035606384,0.046072181314229965,-1.0789265632629395,-0.02484073117375374,0.6657331585884094,-0.12083733826875687,0.054479341953992844,-0.007658855989575386,-0.10806010663509369,-0.025782642886042595,0.03394916281104088,-1.6055982112884521,-0.034563906490802765,0.817634105682373,-0.11745268106460571,0.03152313828468323,-0.0005936101078987122,-0.09316926449537277,-0.025716736912727356,0.06590752303600311
-0.6884802579879761,0.43550336360931396,0.43057236075401306,0.094203419983387,-0.07456943392753601,-0.020310718566179276,-0.07937809824943542,-0.00775618851184845,-0.002793077379465103,-1.5075414180755615,0.521446704864502,0.5252501964569092,0.03403814882040024,-0.08221258223056793,-0.03647996485233307,-0.1269652098417282,-0.024735165759921074,-0.022096876055002213,-2.229158878326416,0.6009826064109802,0.6846028566360474,-0.045153211802244186,-0.11173540353775024,-0.02815171331167221,-0.17388063669204712,-0.04394221305847168,-0.07857148349285126
-0.702426552772522,0.08721152693033218,0.48874858021736145,-0.6808887720108032,0.03812238574028015,-0.016658026725053787,-0.0167849138379097,0.10410840809345245,-0.3432477116584778,-1.2110203504562378,0.11635155975818634,0.572699248790741,-0.9644625782966614,0.01883881166577339,-0.021959321573376656,0.008152058348059654,0.17640455067157745,-0.39122873544692993,-1.6475720405578613,0.13790786266326904,0.6272433996200562,-1.1579701900482178,0.019058585166931152,-0.03342529386281967,0.05397024005651474,0.20799896121025085,-0.43294423818588257
-1.2456854581832886,0.3412846326828003,0.643636167049408,-0.6693817377090454,-0.10157930850982666,0.00496320053935051,0.09688107669353485,0.04673229157924652,-0.3925073742866516,-1.9254403114318848,0.4007445275783539,0.7894910573959351,-0.8391934037208557,-0.12213531136512756,0.0006924699991941452,0.0982164517045021,0.08344075828790665,-0.4505324959754944,-2.380495548248291,0.42122188210487366,0.8835604786872864,-0.9694361686706543,-0.10767418146133423,0.04010864347219467,0.10015418380498886,0.09598910808563232,-0.4690965712070465
-0.8763084411621094,0.04907698184251785,0.5172690749168396,-0.6483557820320129,-0.03935736417770386,-0.10850007832050323,0.0007374212145805359,0.0800148993730545,-0.4256584644317627,-1.399782419204712,0.05468946322798729,0.5934813618659973,-0.9323505163192749,-0.026083480566740036,-0.07887400686740875,0.025435859337449074,0.10527493059635162,-0.45620453357696533,-1.8480592966079712,0.0638793483376503,0.6743011474609375,-1.1286976337432861,-0.07821512222290039,-0.06363053619861603,0.060991935431957245,0.1904008835554123,-0.5261563658714294
-1.511075496673584,0.2764342427253723,0.758673369884491,-1.0019261837005615,-0.047036200761795044,0.017561476677656174,0.1130121499300003,-0.06360270082950592,-0.1901930570602417,-2.143305778503418,0.33059266209602356,0.8638125061988831,-1.2047369480133057,-0.0561818890273571,-0.013653771951794624,0.10764975100755692,0.01602599211037159,-0.25840073823928833,-2.5586466789245605,0.35270124673843384,0.8962827324867249,-1.3501601219177246,-0.042560875415802,0.0014387145638465881,0.09895453602075577,0.0372176468372345,-0.27120402455329895
-0.6952469348907471,0.2141583263874054,0.5421436429023743,-0.05346795544028282,-0.01896020770072937,0.06244317814707756,-0.10511618852615356,-0.010229185223579407,0.1326417326927185,-1.4593722820281982,0.27531862258911133,0.7172219753265381,-0.03585999459028244,-0.07105177640914917,0.03828130662441254,-0.12436405569314957,0.003901975229382515,0.0991135835647583,-2.095367908477783,0.301404744386673,0.8221718072891235,-0.03304807469248772,-0.07288813591003418,0.018244467675685883,-0.1286678910255432,-0.023605704307556152,0.11888419091701508
-0.6005068421363831,0.07684145122766495,0.6201625466346741,0.1145014688372612,-0.054355233907699585,-0.03486533835530281,-0.019367240369319916,0.033577874302864075,-0.1787274181842804,-1.371819019317627,0.11343260109424591,0.7554503083229065,0.12960489094257355,-0.004474308341741562,-0.015842096880078316,0.0042650531977415085,-0.04158388078212738,-0.2389916181564331,-1.9738430976867676,0.1431509256362915,0.9109895825386047,0.1313735544681549,-0.011884897947311401,3.6112964153289795e-05,0.03445746749639511,-0.03351961076259613,-0.27910757064819336
-0.8770123720169067,-0.059197597205638885,0.48685896396636963,-0.3166794180870056,-0.005245417356491089,-0.0351378507912159,-0.16816113889217377,-0.00226612389087677,-0.019269291311502457,-1.5360028743743896,-0.08315494656562805,0.5867608785629272,-0.44346630573272705,0.02479717507958412,-0.023627357557415962,-0.18085220456123352,-0.0308819767087698,-0.05080671235918999,-2.0653610229492188,-0.12107939273118973,0.7566812634468079,-0.5635822415351868,0.04107144474983215,-0.034593433141708374,-0.20215484499931335,0.012972801923751831,-0.07828059792518616
-1.0410569906234741,-0.17583993077278137,0.5676003694534302,0.34285205602645874,-0.08678165078163147,-0.0864989310503006,0.13455897569656372,-0.0863276869058609,-0.2772710919380188,-1.7056549787521362,-0.2436252236366272,0.7026479244232178,0.4089965224266052,-0.03863726183772087,-0.07514895498752594,0.11369321495294571,-0.06893150508403778,-0.319953054189682,-2.0873019695281982,-0.2779214382171631,0.847037672996521,0.45246145129203796,-0.03187713027000427,-0.05713730305433273,0.09551320225000381,-0.045157015323638916,-0.327824205160141
-0.7246894836425781,-0.12005799263715744,0.6035652160644531,-0.5971089601516724,0.05045774579048157,0.011510651558637619,0.057896971702575684,0.02516971528530121,-0.22215530276298523,-1.2956514358520508,-0.16076985001564026,0.6714943051338196,-0.8332522511482239,0.04263700917363167,0.015783173963427544,0.07805677503347397,0.10266755521297455,-0.22282129526138306,-1.7419558763504028,-0.18338462710380554,0.69118732213974,-0.9818407893180847,0.04744301736354828,-0.00364656001329422,0.12515166401863098,0.09352174401283264,-0.24650011956691742
-1.1362470388412476,0.4008500576019287,0.45114773511886597,0.41648778319358826,-0.1337854564189911,-0.02973969653248787,-0.2102711796760559,-0.16855962574481964,0.09907618165016174,-1.7970644235610962,0.4688887596130371,0.5398738980293274,0.47735366225242615,-0.16360688209533691,-0.030626313760876656,-0.29510724544525146,-0.14278532564640045,0.07809180021286011,-2.1820485591888428,0.5699326395988464,0.6902240514755249,0.4506208598613739,-0.18709349632263184,-0.019643135368824005,-0.39457499980926514,-0.1647176742553711,0.06759192049503326
-0.8995389938354492,0.1632848083972931,0.4715360701084137,-0.7805817127227783,-0.05713340640068054,-0.023598868399858475,-0.03723907470703125,0.0887218564748764,-0.4829212725162506,-1.3751044273376465,0.1965847909450531,0.5175692439079285,-1.1545416116714478,-0.05085873231291771,-0.04972083866596222,0.008989164605736732,0.1335505098104477,-0.5181174874305725,-1.6802223920822144,0.2014046311378479,0.6013652682304382,-1.4248628616333008,-0.07867658138275146,-0.05859760195016861,0.045461855828762054,0.2603459358215332,-0.577590823173523
-0.7236843109130859,-0.3511226177215576,0.5090746283531189,-0.2419329285621643,0.08994331955909729,0.00163225457072258,0.028712615370750427,0.0824582427740097,-0.3284027576446533,-1.2854704856872559,-0.39234405755996704,0.5962235331535339,-0.4389607906341553,0.11148855090141296,-0.020465807989239693,0.05265840142965317,0.08606915920972824,-0.37813422083854675,-1.6617772579193115,-0.4375205338001251,0.6941967010498047,-0.5571664571762085,0.08297795057296753,-0.018500708043575287,0.09002595394849777,0.15352529287338257,-0.4174308180809021
-1.3736540079116821,-0.35769617557525635,0.5951473116874695,-0.6968812942504883,0.01924353837966919,-0.0563250370323658,-0.011240091174840927,0.027038559317588806,-0.3690297603607178,-1.889713168144226,-0.4186037480831146,0.7355045080184937,-0.930425226688385,0.06600919365882874,-0.04581548273563385,-0.013604508712887764,0.06333086639642715,-0.3705994188785553,-2.1587440967559814,-0.45811769366264343,0.7897937893867493,-1.101726770401001,0.08964341878890991,0.008069731295108795,-0.015837930142879486,0.09863319993019104,-0.3820188641548157
-0.6909439563751221,0.1985902488231659,0.46141374111175537,-0.20506031811237335,-0.02614012360572815,0.011882167309522629,0.10073888301849365,-0.006380215287208557,-0.2597101926803589,-1.2706763744354248,0.26743143796920776,0.5573295950889587,-0.3886607885360718,-0.031390588730573654,0.00773434154689312,0.10100818425416946,0.051018282771110535,-0.26653337478637695,-1.5939147472381592,0.2866159975528717,0.6877259612083435,-0.5306349396705627,0.00963398814201355,0.03923410922288895,0.1073269471526146,0.0929376482963562,-0.2906544506549835
-0.8986040353775024,-0.052318982779979706,0.5014936327934265,-0.27955126762390137,-0.07538977265357971,-0.04675789549946785,-0.12586094439029694,0.03124450147151947,-0.2724578380584717,-1.4311059713363647,-0.04833683744072914,0.5729379057884216,-0.4217398762702942,-0.0524524562060833,-0.005140857771039009,-0.09055086225271225,0.03589317202568054,-0.3125286400318146,-1.8155843019485474,-0.043382592499256134,0.6980522871017456,-0.5262588262557983,-0.024038374423980713,0.017545782029628754,-0.04883413761854172,0.05304399132728577,-0.33513036370277405
-0.7674198150634766,0.17293143272399902,0.40983709692955017,-0.7518593072891235,0.07629954814910889,-0.020308811217546463,0.09545543789863586,0.072935089468956,-0.49999621510505676,-1.2990427017211914,0.20308449864387512,0.4353000521659851,-1.1679489612579346,0.06808397173881531,-0.005395906046032906,0.12001115828752518,0.1816682070493698,-0.5417305827140808,-1.8200042247772217,0.20435881614685059,0.5817114114761353,-1.4683291912078857,0.06960552930831909,0.003227822482585907,0.1651613712310791,0.2292262613773346,-0.6107272505760193
-0.6724251508712769,0.22452476620674133,0.4973396956920624,-0.3726179301738739,-0.10280013084411621,-0.07616777718067169,-0.08854758739471436,0.026479914784431458,-0.28830936551094055,-1.157941222190857,0.23096820712089539,0.5269176363945007,-0.5134626030921936,-0.10617421567440033,-0.03115655668079853,-0.07835094630718231,0.05912702530622482,-0.3083738386631012,-1.4994750022888184,0.22807276248931885,0.6256457567214966,-0.6255061626434326,-0.12502242624759674,-0.02624155580997467,-0.08072749525308609,0.0920657217502594,-0.3113568127155304
-1.0270469188690186,-0.31194406747817993,0.5539892315864563,-0.5300430059432983,-0.03191986680030823,-0.0379459448158741,-0.015460461378097534,0.03612779080867767,-0.4547958970069885,-1.5824642181396484,-0.3766542673110962,0.6672255396842957,-0.8150908350944519,0.00980161502957344,-0.03272809088230133,0.014189781621098518,0.03859864920377731,-0.4901276230812073,-1.9790537357330322,-0.4347676634788513,0.7827491760253906,-1.0299049615859985,0.008532509207725525,0.007831253111362457,0.04665898531675339,0.08052164316177368,-0.5458459258079529
-0.707628607749939,0.33831021189689636,0.48869046568870544,0.2065172791481018,-0.07287722826004028,0.039744239300489426,-0.09208671003580093,-0.0502936989068985,0.18324348330497742,-1.5307397842407227,0.4157458245754242,0.7033279538154602,0.2627962529659271,-0.11823759973049164,0.021506650373339653,-0.10731006413698196,-0.08173231780529022,0.13408875465393066,-2.064298152923584,0.4471927881240845,0.8475587368011475,0.2707052528858185,-0.11669045686721802,0.024300090968608856,-0.12424188107252121,-0.11764156818389893,0.12655605375766754
-1.0855869054794312,0.191864013671875,0.466784805059433,-1.2003376483917236,-0.03559485077857971,-0.01775534823536873,-0.07734248042106628,0.05217234790325165,-0.3053555488586426,-1.490398645401001,0.2041613757610321,0.5874573588371277,-1.5400803089141846,-0.04108312353491783,-0.02419533021748066,-0.0819542407989502,0.178244486451149,-0.2908152937889099,-1.8275851011276245,0.2402481734752655,0.6014958024024963,-1.7721083164215088,0.04025396704673767,-0.015259630978107452,-0.05439337342977524,0.12067040801048279,-0.302812784910202
-0.927157998085022,0.11074579507112503,0.5270636677742004,-0.3573858141899109,0.029747754335403442,-0.012557704001665115,-0.03797116130590439,-0.030566945672035217,-0.07442441582679749,-1.628085732460022,0.15427565574645996,0.6848005652427673,-0.4569801688194275,0.019665483385324478,-0.039969757199287415,-0.05410854518413544,0.00182277150452137,-0.08872981369495392,-2.23178768157959,0.18171533942222595,0.7547503709793091,-0.5406315922737122,-0.017702698707580566,-0.011720605194568634,-0.07493703812360764,0.026423931121826172,-0.11627256870269775
-0.5278885960578918,-0.2697944641113281,0.42738208174705505,-0.19967477023601532,0.0813690572977066,-0.012758273631334305,-0.14241939783096313,-0.0019494444131851196,-0.0725485235452652,-1.1064940690994263,-0.3325538635253906,0.4693495035171509,-0.2946796417236328,0.056705866008996964,-0.021004633978009224,-0.15134279429912567,0.008249590173363686,-0.08976779878139496,-1.4122419357299805,-0.3680031895637512,0.5405735969543457,-0.3765873610973358,0.01584458351135254,-0.00628296285867691,-0.1486697494983673,0.019419550895690918,-0.08385464549064636
-0.9490979909896851,-0.05711131542921066,0.4262753129005432,-0.361835777759552,0.09680894017219543,0.03001956269145012,-0.17861361801624298,-0.04426230490207672,-0.11684092879295349,-1.625291347503662,-0.08838973939418793,0.523224949836731,-0.5296425223350525,0.05134189501404762,0.03183673322200775,-0.22975364327430725,-0.026457393541932106,-0.13354000449180603,-2.0338680744171143,-0.12130790203809738,0.7378681898117065,-0.7027875185012817,0.061139434576034546,0.007591836154460907,-0.2770514190196991,-0.035089969635009766,-0.1442139893770218
-0.7484568953514099,-0.24594047665596008,0.3815768361091614,0.18472351133823395,0.05506435036659241,0.0037336163222789764,-0.10611670464277267,-0.02997775375843048,-0.012207631021738052,-1.2833011150360107,-0.30555716156959534,0.5472583174705505,0.20335699617862701,0.05842040851712227,0.010044379159808159,-0.10722453147172928,-0.07551798224449158,-0.008239779621362686,-1.5772364139556885,-0.3680994510650635,0.718570351600647,0.2131042182445526,0.09583917260169983,-0.01690831035375595,-0.10478007048368454,-0.1223660558462143,0.03410525247454643
-0.8545690774917603,0.40897125005722046,0.48238518834114075,-0.023132529109716415,-0.0115852952003479,0.07375983893871307,-0.025459349155426025,0.011838778853416443,-0.2498391568660736,-1.4797189235687256,0.517880380153656,0.6696736812591553,-0.15832488238811493,-0.03378439322113991,0.014249427244067192,0.0035048481076955795,-0.011987162753939629,-0.24417442083358765,-1.997014045715332,0.5579380393028259,0.7893736362457275,-0.26696068048477173,-0.009033143520355225,0.0702027902007103,0.02842051535844803,0.010316848754882812,-0.2559352219104767
-0.8746340274810791,0.18775877356529236,0.6539995074272156,-0.16435125470161438,-0.0687684714794159,0.0796533077955246,0.17554156482219696,-0.05701233446598053,-0.1413763165473938,-1.729480266571045,0.2216104418039322,0.9029828906059265,-0.19075751304626465,-0.058170195668935776,0.020478231832385063,0.18976858258247375,-0.021598635241389275,-0.20400843024253845,-2.259861469268799,0.22785919904708862,0.9866378307342529,-0.21587008237838745,-0.07686743140220642,0.006628803908824921,0.19397565722465515,0.030490875244140625,-0.26871511340141296
-0.3421231508255005,-0.08267953246831894,0.46566376090049744,-0.49010908603668213,0.016483813524246216,0.021692436188459396,-0.07355404645204544,0.06050179898738861,-0.16187196969985962,-0.9320493340492249,-0.10383006930351257,0.59531170129776,-0.7028086185455322,0.04733969643712044,0.005486173555254936,-0.029409030452370644,0.10628491640090942,-0.22753962874412537,-1.5625689029693604,-0.09839347749948502,0.6669096350669861,-0.8282582759857178,0.04046003520488739,-0.015126146376132965,0.034058474004268646,0.16123533248901367,-0.2863316237926483
-0.9100338220596313,0.3205709457397461,0.41536960005760193,-0.4777512550354004,0.06615850329399109,0.0325189046561718,-0.07225640118122101,-0.016109004616737366,-0.2155906856060028,-1.4937853813171387,0.37221503257751465,0.5305233001708984,-0.6836429238319397,0.04114098474383354,0.021176619455218315,-0.0811808779835701,0.036545224487781525,-0.21666787564754486,-2.0443429946899414,0.39607274532318115,0.6408441066741943,-0.8555734157562256,0.035037100315093994,0.05738171190023422,-0.0958504006266594,0.02880990505218506,-0.2596690058708191
-0.7780884504318237,-0.008170418441295624,0.5740756392478943,-0.5316991806030273,-0.05826035141944885,0.025609534233808517,0.04179489612579346,0.04842327535152435,-0.3254801332950592,-1.486279010772705,-0.010322067886590958,0.745080292224884,-0.727423906326294,-0.04437839612364769,0.00039218179881572723,0.07304760068655014,0.07067376375198364,-0.3440811336040497,-2.1272706985473633,0.004233755171298981,0.8221832513809204,-0.8655118346214294,-0.0591357946395874,0.0006015077233314514,0.11335433274507523,0.07272791862487793,-0.3759782314300537
-0.8840173482894897,0.052832044661045074,0.6177687048912048,-0.17466069757938385,-0.07410559058189392,-0.05962445214390755,0.000751592218875885,-0.038256362080574036,-0.18390631675720215,-1.4745228290557861,0.09168043732643127,0.7652650475502014,-0.24427710473537445,-0.10564832389354706,-0.05845929682254791,0.0019475128501653671,0.018247397616505623,-0.22639398276805878,-1.913355827331543,0.11495869606733322,0.8391731381416321,-0.3061726987361908,-0.12064327299594879,-0.011330388486385345,0.01084890216588974,-0.008603870868682861,-0.2694065570831299
-0.5783315896987915,0.3338717222213745,0.5713135600090027,0.13248522579669952,-0.04140153527259827,-0.034724730998277664,0.061886124312877655,0.023163482546806335,-0.14894750714302063,-1.312608242034912,0.4195891320705414,0.7100695967674255,0.13325989246368408,-0.08975537121295929,-0.046683087944984436,0.05169134587049484,-0.007209194824099541,-0.17125573754310608,-1.8789970874786377,0.47461023926734924,0.8878591656684875,0.12646299600601196,-0.11364129185676575,-0.048857711255550385,0.043341584503650665,-0.009636476635932922,-0.2056036740541458
-0.5867125988006592,0.16123953461647034,0.3189648687839508,-0.6188927292823792,0.050557106733322144,0.005940299481153488,-0.16159527003765106,0.04223625361919403,-0.19330361485481262,-1.001610517501831,0.17444925010204315,0.3520700931549072,-0.86214679479599,0.036709267646074295,-0.008588092401623726,-0.16228336095809937,0.12382334470748901,-0.23775425553321838,-1.302080750465393,0.19653373956680298,0.3875316083431244,-1.0441759824752808,0.0688074380159378,-0.017854250967502594,-0.15383923053741455,0.10882289707660675,-0.2576998770236969
-0.8236217498779297,-0.2063288688659668,0.5454884171485901,-0.4568031430244446,0.011015594005584717,0.05601910874247551,0.0976698249578476,0.06266181170940399,-0.3868434727191925,-1.5343198776245117,-0.24075889587402344,0.6974303722381592,-0.6370519995689392,0.054388318210840225,0.025667710229754448,0.11369223147630692,0.056893959641456604,-0.4331725537776947,-1.969088077545166,-0.29055556654930115,0.8065448999404907,-0.7878895998001099,0.0661347359418869,0.023651398718357086,0.13718196749687195,0.08973875641822815,-0.48619967699050903
-0.8059672713279724,-0.16085204482078552,0.592235803604126,0.13899683952331543,-0.014468669891357422,0.054935019463300705,0.04109242558479309,0.001872524619102478,-0.3388671278953552,-1.6401880979537964,-0.22012639045715332,0.628502607345581,0.061657823622226715,0.010938290506601334,0.031563565135002136,0.019158383831381798,-0.034042805433273315,-0.39359787106513977,-2.3302745819091797,-0.27282363176345825,0.8604386448860168,-0.05342598631978035,-0.002703160047531128,0.002125956118106842,0.01536298543214798,-0.00588090717792511,-0.4644761085510254
-0.58138507604599,-0.08409374207258224,0.4695451259613037,-0.5973063707351685,0.1040395051240921,-0.015604931861162186,0.078001007437706,0.09385178983211517,-0.4052117168903351,-1.0666446685791016,-0.0910521149635315,0.5298822522163391,-0.9214356541633606,0.10152548551559448,0.021258337423205376,0.10235241800546646,0.10401042550802231,-0.4298647940158844,-1.4935719966888428,-0.08601544052362442,0.6496855020523071,-1.1652145385742188,0.07872828841209412,-0.007762826979160309,0.14348909258842468,0.15676775574684143,-0.5017457604408264
-1.088074803352356,0.25764524936676025,0.7471756339073181,-0.3959589898586273,-0.13038042187690735,-0.10777933895587921,0.2435642033815384,0.040435656905174255,-0.5079694390296936,-1.8293116092681885,0.3193516135215759,0.8847728967666626,-0.5683978796005249,-0.08988957107067108,-0.06592954695224762,0.2493213415145874,0.10000643134117126,-0.5694625377655029,-2.386960744857788,0.3820200562477112,0.9968327283859253,-0.7125284671783447,-0.11020839214324951,-0.030895866453647614,0.2563052475452423,0.15297669172286987,-0.6519771218299866
-0.8094538450241089,0.18639951944351196,0.5926117897033691,-0.4990795850753784,-0.010999739170074463,0.026480119675397873,0.04572412371635437,0.11107383668422699,-0.3466905653476715,-1.4911139011383057,0.19779065251350403,0.7334347367286682,-0.6412340402603149,-0.01804157719016075,0.009275419637560844,0.10985089093446732,0.12475733458995819,-0.34996098279953003,-2.0451948642730713,0.22624987363815308,0.800457239151001,-0.7459532022476196,-0.03929409384727478,0.02258790284395218,0.165833979845047,0.13641619682312012,-0.3411663770675659
-0.6786701679229736,0.17092984914779663,0.5565227270126343,0.5350068807601929,-0.08928519487380981,-0.020638663321733475,0.018548861145973206,-0.08710683882236481,0.10207465291023254,-1.5020370483398438,0.2236253023147583,0.7312135100364685,0.6363924145698547,-0.09971775859594345,-0.005251483991742134,-0.004615912213921547,-0.12123052775859833,0.10210534930229187,-2.021085262298584,0.24007388949394226,0.9158521890640259,0.6672821044921875,-0.08186420798301697,0.007965229451656342,-0.021539412438869476,-0.1113518476486206,0.1185079962015152
-0.5955384969711304,-0.2948324680328369,0.47273120284080505,-0.2262110859155655,0.003965511918067932,-0.03180702403187752,-0.13317014276981354,0.02377377450466156,-0.04272771254181862,-1.18459951877594,-0.35927411913871765,0.60442054271698,-0.3545965552330017,0.026776690036058426,-0.0010836292058229446,-0.10945754498243332,0.033409565687179565,-0.08767792582511902,-1.7036855220794678,-0.3897168040275574,0.6573034524917603,-0.44715866446495056,0.027800649404525757,0.015081934630870819,-0.07031243294477463,0.0567203164100647,-0.1473713368177414
-1.3129714727401733,-0.3358778953552246,0.7404715418815613,0.2376512885093689,0.04759141802787781,-0.03843148425221443,-0.008547395467758179,-0.04060627520084381,-0.1297077238559723,-2.156031608581543,-0.4183783531188965,0.8414337038993835,0.3386049270629883,0.059626881033182144,-0.032653823494911194,-0.05140525847673416,-0.08690512180328369,-0.15877795219421387,-2.690559148788452,-0.4709053635597229,1.0192952156066895,0.3661137521266937,0.05776172876358032,-0.04618997126817703,-0.08319380134344101,-0.11025756597518921,-0.150058314204216
-0.703005850315094,-0.19580036401748657,0.4112700819969177,-0.5329149961471558,0.07243794202804565,-0.00717659667134285,-0.012684650719165802,0.01912139356136322,-0.27436330914497375,-1.1610283851623535,-0.2138834297657013,0.5002537369728088,-0.8031992316246033,0.08220919966697693,-0.02500350959599018,-0.006805581972002983,0.11081278324127197,-0.313883513212204,-1.4636881351470947,-0.2294105887413025,0.5369048714637756,-1.0010420083999634,0.09848932921886444,-0.008858002722263336,0.017429731786251068,0.1329975426197052,-0.36622023582458496
